Name,Size,Mean,MeanLB,MeanUB,Stddev,StddevLB,StddevUB
"Haskell list (size: 10^1)/sum",1,8.799634945342094e-8,8.772036100422846e-8,8.82835246253017e-8,9.630746196838511e-10,7.713485573401203e-10,1.2308338180290023e-9
"Haskell list (size: 10^2)/sum",2,9.50426547113223e-7,9.467457013667413e-7,9.531299898204335e-7,1.022212502496491e-8,9.025775209978694e-9,1.1716184431014277e-8
"Haskell list (size: 10^3)/sum",3,1.5893517666454467e-5,1.5843510461844456e-5,1.592914610659774e-5,1.5224347898709015e-7,1.2454941973386378e-7,1.79292087024883e-7
"Haskell list (size: 10^4)/sum",4,2.2697936398377125e-4,2.2654385049656085e-4,2.2789898857799776e-4,1.9562930991458975e-6,1.210028208028138e-6,3.0709174733360814e-6
"Haskell list (size: 10^5)/sum",5,1.2507648005870467e-2,1.2459925029135894e-2,1.2546672321885458e-2,1.0833010221071049e-4,8.957559468814048e-5,1.3196890937473604e-4
"Haskell list (size: 10^6)/sum",6,0.14683989590747795,0.14070838225264323,0.15268275174618975,8.082315891806675e-3,5.9329369038309335e-3,1.1128194185058869e-2
"Haskell list (size: 10^7)/sum",7,1.4460002222077655,1.4301504272738288,1.4547583338707355,1.3952068400551064e-2,2.7194799110210365e-16,1.516949437862602e-2
