Name,Size,Mean,MeanLB,MeanUB,Stddev,StddevLB,StddevUB
"Generic strict list (size: 10^1)/sum",1,3.1086409705803596e-8,3.0924133992500955e-8,3.126229613984817e-8,5.563365072194029e-10,4.6303913297803636e-10,7.128490055536148e-10
"Generic strict list (size: 10^2)/sum",2,2.9654120670901397e-7,2.958879689850688e-7,2.9706443711619353e-7,1.961430731464537e-9,1.5369365233418234e-9,2.6029473493462895e-9
"Generic strict list (size: 10^3)/sum",3,2.922127990973914e-6,2.9132512051942823e-6,2.9310132803429127e-6,2.8591224907528126e-8,2.5703929095631992e-8,3.18129134044569e-8
"Generic strict list (size: 10^4)/sum",4,2.9295346463142934e-5,2.924202311376197e-5,2.9375558525222653e-5,2.1103564960672852e-7,1.5628582789755903e-7,2.8944619744421575e-7
"Generic strict list (size: 10^5)/sum",5,3.0709079808013924e-4,3.0596288764908174e-4,3.081119324038192e-4,3.549225855142607e-6,2.922540578264468e-6,4.523432064614729e-6
"Generic strict list (size: 10^6)/sum",6,3.9639590845947014e-3,3.9587647092009185e-3,3.973027907509816e-3,2.183923943301148e-5,1.326027472376919e-5,3.659955284760184e-5
"Generic strict list (size: 10^7)/sum",7,3.9758734293736574e-2,3.968981125027814e-2,3.984771628272552e-2,1.596225142536889e-4,1.1776401263693113e-4,2.0253070927370178e-4
