Name,Size,Mean,MeanLB,MeanUB,Stddev,StddevLB,StddevUB
"Haskell list (size: 10^1)/length",1,2.072052500860321e-8,2.0589288538417743e-8,2.0870154511796958e-8,4.763348788449447e-10,3.9559382836337247e-10,5.976809438207698e-10
"Haskell list (size: 10^2)/length",2,1.6633869300285407e-7,1.6580659137762192e-7,1.6674610333941016e-7,1.6572192545029402e-9,1.3797461372505045e-9,1.923017248178212e-9
"Haskell list (size: 10^3)/length",3,1.9651235467924265e-6,1.9599532906692374e-6,1.9689968992526843e-6,1.470841382826677e-8,1.0955496411703e-8,1.819941006589483e-8
"Haskell list (size: 10^4)/length",4,2.1250918392467217e-5,2.119016978371513e-5,2.1309274749945274e-5,2.0854570429145467e-7,1.871973957790204e-7,2.3058219332914309e-7
"Haskell list (size: 10^5)/length",5,2.414790523332014e-4,2.4087559591282761e-4,2.4189784549296257e-4,1.724393979977107e-6,1.3179202956710313e-6,2.214293889176173e-6
"Haskell list (size: 10^6)/length",6,3.8862336096646653e-3,3.862040638663883e-3,3.928733527775296e-3,1.0160314719099315e-4,7.61915969610296e-5,1.3619247575363507e-4
"Haskell list (size: 10^7)/length",7,3.697290396680875e-2,3.693881921993555e-2,3.700307155436165e-2,6.335416595311398e-5,4.771968802124485e-5,8.704315195587033e-5
