Name,Size,Mean,MeanLB,MeanUB,Stddev,StddevLB,StddevUB
"Specialized Int list/sum",1,2.0358881741021065e-8,2.0201502687044714e-8,2.058354818074936e-8,6.503692725889524e-10,4.993186991907362e-10,9.058075697079459e-10
"Specialized Int list/sum",2,2.0760213702934146e-7,2.0705946425674388e-7,2.083398576053853e-7,2.101214423684295e-9,1.5089677319291285e-9,3.148880022680198e-9
"Specialized Int list/sum",3,2.152422546922752e-6,2.1453835595514633e-6,2.160324261213074e-6,2.5277747481778806e-8,2.1971152237086647e-8,3.0671091684285734e-8
"Specialized Int list/sum",4,2.1235407895827726e-5,2.1111842465617428e-5,2.1373412530406774e-5,4.487229026202212e-7,3.824143664721876e-7,5.233953535932227e-7
"Specialized Int list/sum",5,2.09093038853058e-4,2.0861210680492257e-4,2.09687450554021e-4,1.8146888063165585e-6,1.5249459273637124e-6,2.277514537977199e-6
"Specialized Int list/sum",6,2.552343872497908e-3,2.5476028409693657e-3,2.558189371053563e-3,1.8446781770010414e-5,1.425192152580486e-5,2.5019033881504853e-5
"Specialized Int list/sum",7,2.582005024878801e-2,2.5728564336232482e-2,2.588797926149977e-2,1.813029586847658e-4,1.39512357811228e-4,2.733326676123472e-4
