Name,Size,Mean,MeanLB,MeanUB,Stddev,StddevLB,StddevUB
"Generic list (size: 10^1)/sum",1,3.08900294366696e-8,3.074954955163916e-8,3.108205676987605e-8,5.602536915731854e-10,4.078545085429701e-10,7.417106512607304e-10
"Generic list (size: 10^2)/sum",2,2.948539089557937e-7,2.9416507718977485e-7,2.9535657395753546e-7,2.0016126469905644e-9,1.3687816408773346e-9,2.708252261454089e-9
"Generic list (size: 10^3)/sum",3,2.9302675167237363e-6,2.9246819619675927e-6,2.9374721789473546e-6,2.1190964858095736e-8,1.4984280620238437e-8,3.124255974305672e-8
"Generic list (size: 10^4)/sum",4,2.966254083725813e-5,2.9570758463680635e-5,2.9739540048548234e-5,2.9678494936966847e-7,2.4463635462650306e-7,3.818243786609963e-7
"Generic list (size: 10^5)/sum",5,2.993605915727294e-4,2.9914516651494637e-4,2.9971955000197386e-4,9.252730361120342e-7,6.341928461024715e-7,1.3123617173713291e-6
"Generic list (size: 10^6)/sum",6,4.006942832278542e-3,3.998105360647005e-3,4.015321032517507e-3,2.7404083967762272e-5,2.28673018933937e-5,3.2331919108322754e-5
"Generic list (size: 10^7)/sum",7,3.972463182814206e-2,3.965776034278084e-2,3.978669861939758e-2,1.2772956323993802e-4,9.297026928241464e-5,1.8894883234914987e-4
