Name,Size,Mean,MeanLB,MeanUB,Stddev,StddevLB,StddevUB
"Generic strict list (size: 10^1)/length",1,2.1563130801803827e-8,2.140620674456317e-8,2.1747793656095506e-8,5.540256683720057e-10,4.662555690052918e-10,6.838807882184252e-10
"Generic strict list (size: 10^2)/length",2,1.6725857085938616e-7,1.6689932988388798e-7,1.675269386860469e-7,1.0702234692511826e-9,8.031794110369596e-10,1.4527730504146192e-9
"Generic strict list (size: 10^3)/length",3,1.9853269416405412e-6,1.979597710282934e-6,1.9917578394015794e-6,1.991298365173983e-8,1.797274815749771e-8,2.202136067471415e-8
"Generic strict list (size: 10^4)/length",4,2.1414811375817298e-5,2.136633839470927e-5,2.148026300765906e-5,1.9517660723479455e-7,1.56230810634852e-7,2.3894978124791607e-7
"Generic strict list (size: 10^5)/length",5,2.3646516583229803e-4,2.3600508325608216e-4,2.3710398851148042e-4,1.898809382207403e-6,1.486715329844392e-6,2.6804127313991375e-6
"Generic strict list (size: 10^6)/length",6,3.8251663110898514e-3,3.8163228664254037e-3,3.8339832420059205e-3,2.803547317897865e-5,2.5621597797537343e-5,3.0539215634597004e-5
"Generic strict list (size: 10^7)/length",7,3.6709340236471454e-2,3.6643560900858956e-2,3.676010462714806e-2,1.2061221228407036e-4,8.383627761041911e-5,1.8227634357948164e-4
