Name,Size,Mean,MeanLB,MeanUB,Stddev,StddevLB,StddevUB
"Unboxed Int list (size: 10^1)/sum",1,2.053880153132315e-8,2.0399243771089777e-8,2.0694762544875564e-8,4.926269560442619e-10,4.1856052728396754e-10,5.979903376791891e-10
"Unboxed Int list (size: 10^2)/sum",2,1.9848811899497223e-7,1.9802534931673023e-7,1.988605007064719e-7,1.3735737365603485e-9,1.0818599827798715e-9,1.7380807322729771e-9
"Unboxed Int list (size: 10^3)/sum",3,1.9852614991148984e-6,1.9781963946704937e-6,1.991880312017324e-6,2.288871658838731e-8,2.0318727514216034e-8,2.5836843305095065e-8
"Unboxed Int list (size: 10^4)/sum",4,1.968698598267766e-5,1.9638339030146094e-5,1.9725697703321382e-5,1.4122653018911486e-7,9.680386967717726e-8,2.1994989820926477e-7
"Unboxed Int list (size: 10^5)/sum",5,1.9558703497337196e-4,1.9510939754668275e-4,1.9616200165454816e-4,1.8293587618758384e-6,1.6035435665775708e-6,2.0842491411886975e-6
"Unboxed Int list (size: 10^6)/sum",6,2.4557260515332227e-3,2.4547205582244134e-3,2.456923554457157e-3,3.596970026411732e-6,2.8607974616485238e-6,4.5558643000785364e-6
"Unboxed Int list (size: 10^7)/sum",7,2.4894494255684126e-2,2.484087719111207e-2,2.494934234922852e-2,1.1425992052158251e-4,9.722820207918219e-5,1.3885854648221346e-4
