Name,Size,Mean,MeanLB,MeanUB,Stddev,StddevLB,StddevUB
"Generic list (size: 10^1)/length",1,2.3837480969909953e-8,2.2542100456955114e-8,2.5970751372095355e-8,5.0729874407165366e-9,3.336881673527721e-9,6.69676629922749e-9
"Generic list (size: 10^2)/length",2,1.6680617804637185e-7,1.6636932322301e-7,1.6729025634715371e-7,1.5646074927396158e-9,1.1756622186264521e-9,2.2141190880079875e-9
"Generic list (size: 10^3)/length",3,1.9600096811179575e-6,1.954493089300679e-6,1.9643000801654195e-6,1.707609291128761e-8,1.3322374687849546e-8,2.15842076063647e-8
"Generic list (size: 10^4)/length",4,2.1609198119609388e-5,2.1539159088220477e-5,2.1672798312195638e-5,2.2114477948310096e-7,1.91855056436735e-7,2.666322300271543e-7
"Generic list (size: 10^5)/length",5,2.4195830724778875e-4,2.4146682056779093e-4,2.4250615524848478e-4,1.6690369571558684e-6,1.400352111297909e-6,2.0723383501696455e-6
"Generic list (size: 10^6)/length",6,3.8024554742585623e-3,3.799123072876125e-3,3.8067017125875324e-3,1.2031120673902048e-5,9.511636617165382e-6,1.4345793769099084e-5
"Generic list (size: 10^7)/length",7,3.7247253768536194e-2,3.713734421274676e-2,3.752780949815686e-2,3.113302870222363e-4,1.490819947385899e-4,5.469252045302232e-4
