Name,Size,Mean,MeanLB,MeanUB,Stddev,StddevLB,StddevUB
"Unboxed Int list (size: 10^1)/length",1,1.894669826316547e-8,1.8776707781417844e-8,1.908505989684431e-8,5.274851386133043e-10,4.294841412126033e-10,6.57971089901428e-10
"Unboxed Int list (size: 10^2)/length",2,1.7401717654909834e-7,1.7351645246875643e-7,1.7431836107106387e-7,1.2890185228230229e-9,9.027417639745592e-10,1.8077153393571084e-9
"Unboxed Int list (size: 10^3)/length",3,1.6546557519739694e-6,1.6495629310267728e-6,1.6595808296261911e-6,1.6327288042740108e-8,1.446421171154032e-8,1.826235502988536e-8
"Unboxed Int list (size: 10^4)/length",4,1.67414002408183e-5,1.669815900876223e-5,1.6766678731915806e-5,1.080237107260111e-7,8.438849065769091e-8,1.4096776031379227e-7
"Unboxed Int list (size: 10^5)/length",5,1.6638143585769887e-4,1.6602931307481333e-4,1.6684080679886846e-4,1.4034358827982075e-6,1.1719394758652534e-6,1.7053179037141424e-6
"Unboxed Int list (size: 10^6)/length",6,2.3339465912885077e-3,2.332420889114737e-3,2.3361190415975694e-3,5.933449733755359e-6,4.540580485127239e-6,8.899357826839615e-6
"Unboxed Int list (size: 10^7)/length",7,2.255288618753746e-2,2.2516551630954687e-2,2.260257723407262e-2,1.0433552321006799e-4,7.737688683992917e-5,1.5503513121439125e-4
