Name,Size,Mean,MeanLB,MeanUB,Stddev,StddevLB,StddevUB
"Specialized Int list/length",7,2.4411584434607482e-2,2.436524999056145e-2,2.446340373259485e-2,1.1023823737303514e-4,8.482205829833836e-5,1.4775327970319497e-4
"Specialized Int list/length",6,2.418360242802563e-3,2.4140536119590787e-3,2.423323561406674e-3,1.535007346031773e-5,1.1723966959039231e-5,1.9654206711278193e-5
"Specialized Int list/length",5,1.6693999174291463e-4,1.6664537987072398e-4,1.673607088939935e-4,1.1792881105174877e-6,9.60839275384154e-7,1.4331040093256256e-6
"Specialized Int list/length",4,1.691572720986842e-5,1.6852514902927442e-5,1.6983855951266886e-5,2.0963306328839865e-7,1.6943581086955945e-7,2.8179842758301596e-7
"Specialized Int list/length",3,1.6748593448848902e-6,1.6676270836639826e-6,1.6857913583869628e-6,2.8255568814003966e-8,2.1997044667230573e-8,3.641830087548423e-8
"Specialized Int list/length",2,1.6534720976950711e-7,1.647405873067048e-7,1.662391185096526e-7,2.344090612779996e-9,1.582898958930775e-9,3.405360952957594e-9
"Specialized Int list/length",1,1.844936695348025e-8,1.827092402064141e-8,1.869307463104293e-8,7.057018115395357e-10,5.112908282784942e-10,9.976870937868123e-10
